SMS,receive,Airtel,Airtel,07/08/2014 12:30,26,SPAM,N500 Airtime is Up for Grabs today! Dial 14120 to get yours,,,,,
SMS,receive,Airtel,Airtel,06/08/2014 14:09,26,SPAM,Get the latest ringtone. Dial *121#,,,,,
SMS,receive,Airtel,Airtel,05/08/2014 18:37,26,SPAM,EBOLA VIRUS IS SPREAD BY CONTACT WITH BODY FLUIDS OF GRAVELY ILL INFECTED PERSONS OR ANIMALS LIKE BAT AND MONKEY. PLEASE CALL  6222 TOLL-FREE FOR GUIDANCE,,,,,
SMS,receive,Airtel,Airtel,02/08/2014 18:48,26,SPAM,Dear subscriber, your current Airtel Unlimited Blackberry Monthly service expires on Tue 2 Sep,2014. To disable auto renewal, please send stopautorenew to 440,,
SMS,receive,Airtel,Airtel,02/08/2014 18:48,26,SPAM,Dear subscriber, your Airtel Unlimited Blackberry service is Live. Please remove and replace your battery to get the service running.,,,,
SMS,receive,Airtel,Airtel,02/08/2014 18:47,26,SPAM,Your Airtel BB Unlimited plan is active. Re-insert your battery.This plan is for BB devices only.Experience and charging may differ in case of other devices.,,,,,
SMS,receive,Airtel,Airtel,28/07/2014 16:56,26,HAM,Enjoy your share of N500 Airtime today. Call 14120 for FREE to get yours Now,,,,,
SMS,receive,Airtel,Airtel,25/07/2014 16:17,26,HAM,Get N500 Airtime when you Call 14120 today. Hurry, It's FREE to Call,,,,
SMS,receive,Airtel,Airtel,20/07/2014 10:44,26,HAM,Get N500 Airtime when you Call 14120 today. Hurry, It's FREE to Call,,,,
SMS,receive,Airtel,Airtel,17/07/2014 12:24,26,HAM,Call 14120 for FREE to Enjoy Additional N500 Airtime today..,,,,,
SMS,receive,Airtel,Airtel,17/07/2014 05:32,26,HAM,Dear Subscriber, your subscription to Airtel BlackBerry BES service will expire in 7 day(s). Please reload your line with N1500 by Mon 21 Jul,2014,,,
SMS,receive,Airtel,Airtel,14/07/2014 19:56,26,HAM,Your Airtel BB Unlimited plan is active. Re-insert your battery.This plan is for BB devices only.Experience and charging may differ in case of other devices.,,,,,
SMS,receive,Airtel,Airtel,14/07/2014 19:53,26,HAM,Dear subscriber, your current Airtel Unlimited Blackberry Monthly service expires on Thu 14 Aug,2014. To disable auto renewal, please send stopautorenew to 440,,
SMS,receive,Airtel,Airtel,14/07/2014 19:52,26,HAM,Dear subscriber, your Airtel Unlimited Blackberry service is Live. Please remove and replace your battery to get the service running.,,,,
SMS,receive,Airtel,Airtel,08/07/2014 10:11,26,HAM,We have N500 Airtime up for GRABS!!! Call 14120 for FREE to get yours Now,,,,,
SMS,receive,Airtel,Airtel,08/07/2014 07:28,26,HAM,Thank you for calling Airtel. To get your  special offer the day. Call 1414,,,,,
SMS,receive,Airtel,Airtel,07/07/2014 11:37,26,HAM,Don't let your account balance run LOW!!! Call 14120 for FREE to get your AIRTIME today...,,,,,
SMS,receive,Airtel,Airtel,06/07/2014 11:53,26,HAM,Don't wait for your account balance to run LOW!!! Call 14120 for FREE to get More Airtime...Anytime,,,,,
SMS,receive,Airtel,Airtel,03/07/2014 11:39,26,HAM,Call 14120 now for FREE to ENJOY more talktime...#TGIF,,,,,
SMS,receive,Airtel,Airtel,03/07/2014 08:44,26,HAM,Dear Customer, make calls within Brazil & back home for as low as N60 with your Airtel line when you roam on Claro Brazil, also available data @ just N1/10kb,,,
SMS,receive,Airtel,Airtel,02/07/2014 12:01,26,HAM,Enjoy more Airtime on your Mobile phone today. Dial 14120 to get started NOW...,,,,,
SMS,receive,Airtel,Airtel,29/06/2014 18:27,26,HAM,Dear Customer, make calls within Brazil & back home for as low as N60 with your Airtel line when you roam on Claro Brazil, also available data @ just N1/10kb,,,
SMS,receive,Airtel,Airtel,24/06/2014 17:45,26,HAM,Dial *828# now to get the latest football world cup videos at N5 only!! To start browsing, just click on bit.ly/1lRRBtB (No data charges apply!),,,,
SMS,receive,Airtel,Airtel,20/06/2014 20:53,26,HAM,Dear subscriber, your Airtel Unlimited Blackberry service is Live. Please remove and replace your battery to get the service running.,,,,
SMS,receive,Airtel,Airtel,20/06/2014 20:36,26,HAM,Dear subscriber, your current Airtel Unlimited Blackberry Monthly service expires on Mon 21 Jul,2014. To disable auto renewal, please send stopautorenew to 440,,
SMS,receive,Airtel,Airtel,20/06/2014 20:36,26,HAM,Your Airtel BB Unlimited plan is active. Re-insert your battery.This plan is for BB devices only.Experience and charging may differ in case of other devices.,,,,,
SMS,receive,Airtel,Airtel,20/06/2014 13:45,26,HAM,Turn-Up your Day with Caller-Tunes. Call 1418 now to get the Party Started! ,,,,,
SMS,receive,Airtel,Airtel,18/06/2014 08:44,26,HAM,Dear Customer, make calls within Brazil & back home for as low as N60 with your Airtel line when you roam on Claro Brazil, also available data @ just N1/10kb,,,
SMS,receive,Airtel,Airtel,11/06/2014 10:18,26,HAM,Your favourite BlackBerry Monthly Bundle is still available at N1,500 providing you with 2GB worth of data allowance valid for 30 days! Dial  *440*16# to ENJOY!,,,,
SMS,receive,Airtel,Airtel,10/06/2014 18:59,26,HAM,Download videos of latest fashion trends, health and travel tips for N5! Dial *828# to subscribe or click on bit.ly/1lRRBtB to browse. No data charges apply!,,,,
SMS,receive,Airtel,Airtel,08/06/2014 22:51,26,HAM,Dear subscriber, your current Airtel Unlimited Blackberry Monthly service expires on Wed 9 Jul,2014. To disable auto renewal, please send stopautorenew to 440,,
SMS,receive,Airtel,Airtel,08/06/2014 22:51,26,HAM,Dear subscriber, your Airtel Unlimited Blackberry service is Live. Please remove and replace your battery to get the service running.,,,,
SMS,receive,Airtel,Airtel,08/06/2014 22:51,26,HAM,Your Airtel BB Unlimited plan is active. Re-insert your battery.This plan is for BB devices only.Experience and charging may differ in case of other devices.,,,,,
SMS,receive,Airtel,Airtel,04/06/2014 18:42,26,HAM,Download the latest Nollywood videos and gossip at N5 only!! Dial *828# to subscribe or to start browsing, just click on bit.ly/1lRRBtB.,,,,
SMS,receive,Airtel,Airtel,24/05/2014 20:46,26,HAM,Dear Customer you have used 100% of your credit. Kindly load recharge to make call. If you are a prepaid customer, dial *500# to borrow from Extra Credit.,,,,
SMS,receive,Airtel,Airtel,23/05/2014 19:38,26,HAM,Dear subscriber, your current Airtel Unlimited Blackberry Monthly service expires on Mon 23 Jun,2014. To disable auto renewal, please send stopautorenew to 440,,
SMS,receive,Airtel,Airtel,23/05/2014 19:38,26,HAM,Dear subscriber, your Airtel Unlimited Blackberry service is Live. Please remove and replace your battery to get the service running.,,,,
SMS,receive,Airtel,Airtel,23/05/2014 19:38,26,HAM,Your Airtel BB Unlimited plan is active. Re-insert your battery.This plan is for BB devices only.Experience and charging may differ in case of other devices.,,,,,
SMS,receive,Airtel,Airtel,22/05/2014 18:23,26,HAM,Download and dance to the videos of Aye, Yawa Dey and more at N5 only!! Dial *828# or to start browsing, just click on bit.ly/1lRRBtB (No data charges apply!),,,
SMS,receive,Airtel,Airtel,19/05/2014 14:03,26,HAM,Dial *678*15# to keep yourself up to date with the latest happenings,,,,,
SMS,receive,Airtel,Airtel,16/05/2014 16:50,26,HAM,Download the latest Nollywood videos and gossip at N5 only!! Dial *828# or to start browsing, just click on bit.ly/1lRRBtB (No data charges apply!),,,,
SMS,receive,Airtel,Airtel,13/05/2014 17:00,26,HAM,Download videos of Jaiye Jaiye, Skelewu and more Naija songs for N5 only! Dial *828# or to start browsing, just click on bit.ly/1lRRBtB (No data charges apply!),,,
SMS,receive,Airtel,Airtel,12/05/2014 18:08,26,HAM,Download and dance to the videos of Aye, Yawa Dey and more at N5 only!! Dial *828# or to start browsing, just click on bit.ly/1lRRBtB (No data charges apply!),,,
SMS,receive,Airtel,Airtel,11/05/2014 21:01,26,HAM,Dear subscriber, your current Airtel Unlimited Blackberry Monthly service expires on Tue 10 Jun,2014. To disable auto renewal, please send stopautorenew to 440,,
SMS,receive,Airtel,Airtel,11/05/2014 20:57,26,HAM,Dear subscriber, your Airtel Unlimited Blackberry service is Live. Please remove and replace your battery to get the service running.,,,,
SMS,receive,Airtel,Airtel,11/05/2014 20:57,26,HAM,Your Airtel BB Unlimited plan is active. Re-insert your battery.This plan is for BB devices only.Experience and charging may differ in case of other devices.,,,,,
SMS,receive,Airtel NG,Airtel NG,06/08/2014 10:24,25,HAM,Get all the data you need with the NEW Android Bundle. Dial *437# for the 2GB bundle at just N2000, valid for 30 days. Dial *223# to check balance,,,,
SMS,receive,Airtel NG,Airtel NG,05/08/2014 22:32,25,HAM,Get all the data you need with the NEW Android Bundle. Dial *437# for the 2GB bundle at just N2000, valid for 30 days. Dial *223# to check balance,,,,
SMS,receive,Airtel NG,Airtel NG,05/08/2014 10:36,25,HAM,Get all the data you need with the NEW Android Bundle. Dial *437# for the 2GB bundle at just N2000, valid for 30 days. Dial *223# to check balance,,,,
SMS,receive,Airtel NG,Airtel NG,04/08/2014 10:12,25,HAM,The NEW Android Bundle...guaranteed to make you COME ALIVE! Dial *437# for the 2GB bundle at just N2000, valid for 30 days. Dial *223# to check balance,,,,
SMS,receive,Airtel NG,Airtel NG,03/08/2014 10:41,25,HAM,The NEW Android Bundle...guaranteed to make you COME ALIVE! Dial *437# for the 2GB bundle at just N2000, valid for 30 days. Dial *223# to check balance,,,,
SMS,receive,Airtel NG,Airtel NG,01/08/2014 15:47,25,HAM,The NEW Android Bundle...guaranteed to make you COME ALIVE! Dial *437# for the 2GB bundle at just N2000, valid for 30 days. Dial *223# to check balance,,,,
SMS,receive,Airtel NG,Airtel NG,04/07/2014 16:52,25,HAM,Dear Customer,get 25% bonus on ALL recharge of N100 & above this week. This bonus is valid for Airtel-Airtel call for 3 days. Call 141 for more details,,,,
SMS,receive,Airtel NG,Airtel NG,19/06/2014 19:45,25,HAM,Get live action and match highlights from Brazil, Free for one day on all recharges starting N100. Start recharging now!,,,,
SMS,receive,Airtel NG,Airtel NG,11/05/2014 20:50,25,HAM,Dear customer, you have been credited with 25% bonus for Airtel-to-Airtel calls. Bonus valid for 3 days,,,,
SMS,receive,Airtel NG,Airtel NG,11/05/2014 20:48,25,HAM,Dear customer, you have been credited with 25% bonus for Airtel-to-Airtel calls. Bonus valid for 3 days,,,,
SMS,receive,Etisalat,Etisalat,06/08/2014 10:10,1,HAM, for the discount.,,,,,
SMS,receive,Etisalat,Etisalat,06/08/2014 10:08,1,HAM,Dear Subscriber,Congratulations!You can now call at HALF price to all networks in 9ja for the rest of today.Your spend today qualified you,,,,
SMS,receive,Etisalat,Etisalat,05/08/2014 15:10,1,HAM, for the discount.,,,,,
SMS,receive,Etisalat,Etisalat,05/08/2014 15:10,1,HAM,Dear Subscriber,Congratulations!You can now call at HALF price to all networks in 9ja for the rest of today.Your spend today qualified you,,,,
SMS,receive,Etisalat,Etisalat,05/08/2014 09:18,1,HAM,Dear Customer,your unused 15 MB data plan has expired on 2014-08-06.Please recharge your account to continue to enjoy the service.,,,,
SMS,receive,Etisalat,Etisalat,05/08/2014 08:27,1,HAM,Dear Customer,you have  19 free SMS to etisalat numbers. 10 free MMS to all etisalat lines. 15.00 MB data.,,,,
SMS,receive,Etisalat,Etisalat,04/08/2014 09:39,1,HAM,Dear Customer,your 15 MB data balance will expire on 2014-08-06.Please make use of it before the expiry date.,,,,
SMS,receive,Etisalat,Etisalat,04/08/2014 09:20,1,HAM, 5 MB free data valid till 2014-08-12,you have 10 MB free data valid till 2014-08-12,Thank you.,,,
SMS,receive,Etisalat,Etisalat,04/08/2014 09:19,1,HAM, Dear Customer you recharged 200.00 naira and you have been rewarded with 200.00 naira for national calls.For recharging this week,you have,,,,
SMS,receive,Etisalat,Etisalat,03/08/2014 10:27,1,HAM,Dear Customer,your 15 MB data balance will expire on 2014-08-06.Please make use of it before the expiry date.,,,,
SMS,receive,Etisalat,Etisalat,03/08/2014 07:34,1,HAM,Dear Subscriber,Congratulations!You can now call at HALF price to all networks in 9ja for the rest of today.Your spend today qualified you,,,,
SMS,receive,Etisalat,Etisalat,03/08/2014 07:34,1,HAM, for the discount.,,,,,
SMS,receive,Etisalat,Etisalat,03/08/2014 07:08,1,HAM, networks in 9ja .,,,,,
SMS,receive,Etisalat,Etisalat,03/08/2014 07:06,1,HAM,Dear Subscriber,You are almost there!Ur cumulative daily usage is N 21.60,Use additional N 3.40 to start calling at HALF price to all,,,
SMS,receive,Etisalat,Etisalat,02/08/2014 12:43,1,HAM,Dear Subscriber,Congratulations!You can now call at HALF price to all networks in 9ja for the rest of today.Your spend today qualified you,,,,
SMS,receive,Etisalat,Etisalat,31/07/2014 10:08,1,HAM, networks in 9ja .,,,,,
SMS,receive,Etisalat,Etisalat,31/07/2014 09:57,1,HAM,Dear Subscriber,You are almost there!Ur cumulative daily usage is N 11.20,Use additional N 13.80 to start calling at HALF price to all,,,
SMS,receive,Etisalat,Etisalat,31/07/2014 09:44,1,HAM,Dear Customer,your unused 15 MB data plan has expired on 2014-08-01.Please recharge your account to continue to enjoy the service.,,,,
SMS,receive,Etisalat,Etisalat,30/07/2014 07:26,1,HAM,Dear Subscriber,Congratulations!You can now call at HALF price to all networks in 9ja for the rest of today.Your spend today qualified you,,,,
SMS,receive,Etisalat,Etisalat,29/07/2014 14:22,1,HAM, for the discount.,,,,,
SMS,receive,Etisalat,Etisalat,29/07/2014 14:21,1,HAM,Dear Subscriber,Congratulations!You can now call at HALF price to all networks in 9ja for the rest of today.Your spend today qualified you,,,,
SMS,receive,Etisalat,Etisalat,29/07/2014 13:37,1,HAM, networks in 9ja .,,,,,
SMS,receive,Etisalat,Etisalat,29/07/2014 13:37,1,HAM,Dear Subscriber,You are almost there!Ur cumulative daily usage is N 10.00,Use additional N 15.00 to start calling at HALF price to all,,,
SMS,receive,Etisalat,Etisalat,29/07/2014 09:23,1,HAM,Dear Customer,your 15 MB data balance will expire on 2014-08-01.Please make use of it before the expiry date.,,,,
SMS,receive,Etisalat,Etisalat,29/07/2014 07:08,1,HAM, Dear Customer you recharged 200.00 naira and you have been rewarded with 200.00 naira for national calls.For recharging this week,you have,,,,
SMS,receive,Etisalat,Etisalat,28/07/2014 07:45,1,HAM,Dear Subscriber,Congratulations!You can now call at HALF price to all networks in 9ja for the rest of today.Your spend today qualified you,,,,
SMS,receive,Etisalat,Etisalat,27/07/2014 08:38,1,HAM,Dear Subscriber,Congratulations!You can now call at HALF price to all networks in 9ja for the rest of today.Your spend today qualified you,,,,
SMS,receive,Etisalat,Etisalat,27/07/2014 08:30,1,HAM, for the discount.,,,,,
SMS,receive,Etisalat,Etisalat,27/07/2014 08:26,1,HAM,Dear Subscriber,You are almost there!Ur cumulative daily usage is N 15.70,Use additional N 9.30 to start calling at HALF price to all,,,
SMS,receive,Etisalat,Etisalat,27/07/2014 08:25,1,HAM, networks in 9ja .,,,,,
SMS,receive,Etisalat,Etisalat,26/07/2014 16:18,1,HAM, Dear Customer you recharged 100.00 naira and you have been rewarded with 50.00 naira for national calls.,,,,,
SMS,receive,Etisalat,Etisalat,26/07/2014 14:50,1,HAM, for the discount.,,,,,
SMS,receive,Etisalat,Etisalat,25/07/2014 20:32,1,HAM, Dear Customer you recharged 100.00 naira and you have been rewarded with 50.00 naira for national calls.,,,,,
SMS,receive,Etisalat,Etisalat,25/07/2014 12:11,1,HAM,Dear Subscriber,Congratulations!You can now call at HALF price to all networks in 9ja for the rest of today.Your spend today qualified you,,,,
SMS,receive,Etisalat,Etisalat,29/06/2014 19:12,1,HAM,Dear Subscriber,Congratulations!You can now call at HALF price to all networks in 9ja for the rest of today.Your spend today qualified you,,,,
SMS,receive,Etisalat,Etisalat,29/06/2014 10:53,1,HAM,Dear Customer,your 15 MB data balance will expire on 2014-07-03.Please make use of it before the expiry date.,,,,
SMS,receive,Etisalat,Etisalat,29/06/2014 10:37,1,HAM,Dear Subscriber,You are almost there!Ur cumulative daily usage is N 11.20,Use additional N 13.80 to start calling at HALF price to all,,,
SMS,receive,Etisalat,Etisalat,23/06/2014 20:45,1,HAM,You GET INSTANT Double on ALL YOUR Recharges of N200 and Above to call all networks in 9ja. Bonus Valid for 7 days,,,,,
SMS,receive,Etisalat,Etisalat,18/06/2014 12:06,1,HAM,Double Your Recharge Promo is Back! Recharge N200 & above and get double to call all Networks in 9ja. Bonus is valid for 7 days ,,,,,
SMS,receive,Etisalat,Etisalat,25/05/2014 15:59,1,HAM,Dear Subscriber,Congratulations!You can now call at HALF price to all networks in 9ja for the rest of today.Your spend today qualified you,,,,
SMS,receive,Etisalat,Etisalat,25/05/2014 12:18,1,HAM,Dear Subscriber,You are almost there!Ur cumulative daily usage is N 18.00,Use additional N 7.00 to start calling at HALF price to all,,,
SMS,receive,Etisalat,Etisalat,25/05/2014 10:41,1,HAM,Dear Customer,your unused 15 MB data plan has expired on 2014-05-26.Please recharge your account to continue to enjoy the service.,,,,
SMS,receive,Etisalat,Etisalat,24/05/2014 19:53,1,HAM,Dear Subscriber,Congratulations!You can now call at HALF price to all networks in 9ja for the rest of today.Your spend today qualified you,,,,
SMS,receive,Etisalat,Etisalat,25/04/2014 22:40,1,HAM,.kindly text 'Plan' to 303 for information on additional bundle or call 700 for more information.,,,,,
SMS,receive,Etisalat,Etisalat,25/04/2014 22:40,1,HAM,You have used up your Monthly Internet Plan.Browsing now costs 5k per kb.Auto renewal applies at validity.Text help to 229 for more info,,,,,
SMS,receive,Etisalat,Etisalat,24/04/2014 07:49,1,HAM,Dear subscriber,your remaining data balance is 50 MB.To buy additional plan,text HELP to 229 for info.Thank you!.,,,
SMS,receive,Etisalat,Etisalat,22/04/2014 00:51,1,HAM,Dear subscriber,your remaining data balance is 100 MB.To buy additional plan,text HELP to 229 for info.Thank you!.,,,
SMS,receive,Etisalat,Etisalat,19/04/2014 15:10,1,HAM,Dear Customer,you have  8 free SMS to etisalat numbers. 78 seconds free airtime.,,,,
SMS,receive,Etisalat,Etisalat,16/04/2014 20:13,1,HAM,Your main data balance as at 2014-04-16 20:13 is 649 MB valid till 2014-05-13.Dial *229*0#  to stop auto-renewal.Enjoy 100%extra data between 1AM &5AM for 7days.Text ON to 229 @N100.,,,,,
SMS,receive,Etisalat,Etisalat,12/04/2014 22:12,1,HAM,You have used up your Monthly Internet Plan.Browsing now costs 5k per kb.Auto renewal applies at validity.Text help to 229 for more info,,,,,
SMS,receive,Etisalat,Etisalat,12/04/2014 22:12,1,HAM,kindly text 'Plan' to 303 for information on additional bundle or call 700 for more information.,,,,,
SMS,receive,Etisalat,Etisalat,12/04/2014 21:23,1,HAM,Dear customer,you are on the Monthly data plan.Your balance as at 2014-04-12 21:19 is 10 MB valid till 2014-04-19.Text HELP to 229 for more information.Your main data balance as at 2014-04-12 21:19 is 2 MB valid till 2014-04-27.Dial *229*0#  to stop auto-renewal.Enjoy 100%extra data between 1AM &5AM for 7days.Text ON to 229 @N100.,,,,
SMS,receive,Etisalat,Etisalat,12/04/2014 21:23,1,HAM,Dear Customer,you have  8 free SMS to etisalat numbers. 10 free MMS to all etisalat lines. 9.92 MB data.,,,,
SMS,receive,Etisalat,Etisalat,12/04/2014 21:22,1,HAM,Dear customer,you are on the Monthly data plan.Your balance as at 2014-04-12 21:17 is 10 MB valid till 2014-04-19.Text HELP to 229 for more information.Your main data balance as at 2014-04-12 21:17 is 2 MB valid till 2014-04-27.Dial *229*0#  to stop auto-renewal.Enjoy 100%extra data between 1AM &5AM for 7days.Text ON to 229 @N100.,,,,
SMS,receive,Etisalat,Etisalat,12/04/2014 21:04,1,HAM,Dear Customer,you have  8 free SMS to etisalat numbers. 10 free MMS to all etisalat lines. 9.92 MB data.,,,,
SMS,receive,Etisalat,Etisalat,12/04/2014 21:04,1,HAM,Dear Customer,your remaining Easynet Fixed plan is 10 MB.Please,buy additional data to continue enjoying the service or send help to 229. .,,,
SMS,receive,Etisalat,Etisalat,12/04/2014 20:51,1,HAM, Dear Customer you recharged 1000.00 naira and you have been rewarded with 1000.00 naira for national calls.,,,,,
SMS,receive,Etisalat,Etisalat,08/04/2014 19:39,1,HAM,Dear Subscriber,Congratulations!You can now call at HALF price to all networks in 9ja for the rest of today.Your spend today qualified you,,,,
SMS,receive,Etisalat,Etisalat,08/04/2014 19:38,1,SPAM, for the discount.,,,,,
SMS,receive,Etisalat,Etisalat,08/04/2014 19:29,1,SPAM,Dear Customer,you have  8 free SMS to etisalat numbers. 60 seconds free airtime.,,,,
SMS,receive,Etisalat,Etisalat,07/04/2014 17:51,1,SPAM,You have used up your internet Bundle,Browsing now costs 5k per kb.Auto renewal applies at validity.Text help to 229 for more info.,,,,
SMS,receive,Etisalat,Etisalat,07/04/2014 13:19,1,SPAM, MB free data valid till 2014-04-14,Thank you.,,,,
SMS,receive,Etisalat,Etisalat,07/04/2014 13:18,1,SPAM, Dear Customer you recharged 100.00 naira and you have been rewarded with 50.00 naira for national calls.For recharging this week,you have 5,,,,
SMS,receive,Etisalat,Etisalat,07/04/2014 07:13,1,SPAM,Dear subscriber,your remaining data balance is 10 MB.To buy additional plan,text HELP to 229 for info.Thank you!.,,,
SMS,receive,Etisalat,Etisalat,06/04/2014 10:35,1,SPAM,Dear subscriber,your remaining data balance is 50 MB.To buy additional plan,text HELP to 229 for info.Thank you!.,,,
SMS,receive,Etisalat,Etisalat,02/04/2014 18:25,1,SPAM,Dear Customer,you have  8 free SMS to etisalat numbers. 10 free MMS to all etisalat lines.,,,,
SMS,receive,Etisalat,Etisalat,27/03/2014 22:32,1,HAM,kindly text 'Plan' to 303 for information on additional bundle or call 700 for more information.,,,,,
SMS,receive,Etisalat,Etisalat,27/03/2014 22:21,1,HAM,Dear Customer,your remaining Easynet Fixed plan is 10 MB.Please,buy additional data to continue enjoying the service or send help to 229. .,,,
SMS,receive,Etisalat,Etisalat,27/03/2014 21:34,1,HAM,Hello, Your request to buy 500MB weekly data plan was successful.Automatic renewal applies and unused data will rollover,,,,
SMS,receive,Etisalat,Etisalat,27/03/2014 21:15,1,HAM,Dear customer,you are on the Monthly data plan.Your balance as at 2014-03-27 21:11 is 15 MB valid till 2014-04-03.Text HELP to 229 for more information.Your main data balance as at 2014-03-27 21:11 is 650 MB valid till 2014-04-27.Dial *229*0#  to stop auto-renewal.Enjoy 100%extra data between 1AM &5AM for 7days.Text ON to 229 @N100.,,,,
SMS,receive,Etisalat,Etisalat,27/03/2014 21:09,1,HAM, Dear Customer you recharged 100.00 naira and you have been rewarded with 50.00 naira for national calls ,,,,,
SMS,receive,Etisalat,Etisalat,27/03/2014 21:09,1,HAM, Dear Customer you recharged 100.00 naira and you have been rewarded with 50.00 naira for national calls ,,,,,
SMS,receive,Etisalat,Etisalat,27/03/2014 21:08,1,HAM, Dear Customer you recharged 200.00 naira and you have been rewarded with 200.00 naira for national calls ,,,,,
SMS,receive,Etisalat,Etisalat,27/03/2014 21:08,1,HAM, Dear Customer you recharged 200.00 naira and you have been rewarded with 200.00 naira for national calls ,,,,,
SMS,receive,Etisalat,Etisalat,27/03/2014 21:07,1,HAM, Dear Customer you recharged 200.00 naira and you have been rewarded with 200.00 naira for national calls ,,,,,
SMS,receive,Etisalat,Etisalat,27/03/2014 21:07,1,SPAM, 5 MB free data valid till 2014-04-03,you have 10 MB free data valid till 2014-04-03,Thank you.,,,
SMS,receive,Etisalat,Etisalat,27/03/2014 21:07,1,SPAM, Dear Customer you recharged 200.00 naira and you have been rewarded with 200.00 naira for national calls For recharging this week,you have,,,,
SMS,receive,Etisalat,Etisalat,26/03/2014 22:29,1,SPAM,Dear Customer,you have  2 free SMS to etisalat numbers. 60 seconds free airtime.,,,,
SMS,receive,Etisalat,Etisalat,26/03/2014 16:24,1,SPAM,You have used up your Monthly Internet Plan.Browsing now costs 5k per kb.Auto renewal applies at validity.Text help to 229 for more info,,,,,
SMS,receive,Etisalat,Etisalat,26/03/2014 16:23,1,SPAM,.kindly text 'Plan' to 303 for information on additional bundle or call 700 for more information.,,,,,
SMS,receive,Etisalat,Etisalat,26/03/2014 10:53,1,SPAM, for the discount.,,,,,
SMS,receive,Etisalat,Etisalat,26/03/2014 10:52,1,SPAM,Dear Subscriber,Congratulations!You can now call at HALF price to all networks in 9ja for the rest of today.Your spend today qualified you,,,,
SMS,receive,Etisalat,Etisalat,26/03/2014 10:20,1,SPAM,Dear subscriber,your remaining data balance is 10 MB.To buy additional plan,text HELP to 229 for info.Thank you!.,,,
SMS,receive,Etisalat,Etisalat,26/03/2014 09:57,1,SPAM, networks in 9ja .,,,,,
SMS,receive,Etisalat,Etisalat,26/03/2014 09:57,1,SPAM,Dear Subscriber,You are almost there!Ur cumulative daily usage is N 16.00,Use additional N 9.00 to start calling at HALF price to all,,,
SMS,receive,Etisalat,Etisalat,20/03/2014 06:56,1,HAM,You have used up your Monthly Internet Plan.Browsing now costs 5k per kb.Auto renewal applies at validity.Text help to 229 for more info.,,,,,
SMS,receive,Etisalat,Etisalat,19/03/2014 22:19,1,SPAM,Dear Customer,your remaining Easynet Fixed plan is 10 MB.Please,buy additional data to continue enjoying the service or send help to 229. .,,,
SMS,receive,Etisalat,Etisalat,19/03/2014 18:25,1,SPAM,Dear customer, your request was not successful due to insufficient balance. Please, recharge and try again,,,
SMS,receive,Etisalat,Etisalat,19/03/2014 18:11,1,SPAM,Hello, Your request to buy 200MB weekly data plan was successful.Automatic renewal applies and unused data will rollover,,,,
SMS,receive,Etisalat,Etisalat,19/03/2014 18:01,1,SPAM,you are on the Monthly data plan.Your balance as at 2014-03-19 17:57 is 15 MB valid till 2014-03-26.Text HELP to 229 for more information.Your main data balance as at 2014-03-19 17:57 is 260 MB valid till 2014-04-19.Dial *229*0#  to stop auto-renewal.Enjoy 100%extra data between 1AM &5AM for 7days.Text ON to 229 @N100.,,,,,
SMS,receive,Etisalat,Etisalat,19/03/2014 17:56,1,SPAM,you are on the Monthly data plan.Your balance as at 2014-03-19 17:52 is 15 MB valid till 2014-03-26.Text HELP to 229 for more information.Your main data balance as at 2014-03-19 17:52 is 260 MB valid till 2014-04-19.Dial *229*0#  to stop auto-renewal.Enjoy 100%extra data between 1AM &5AM for 7days.Text ON to 229 @N100.,,,,,
SMS,receive,Etisalat,Etisalat,19/03/2014 17:50,1,SPAM, Dear Customer you recharged 1000.00 naira and you have been rewarded with 1000.00 naira for national calls ,,,,,
SMS,receive,Etisalat,Etisalat,19/03/2014 17:49,1,SPAM, have 5 MB free data valid till 2014-03-26,you have 10 MB free data valid till 2014-03-26,Thank you.,,,
SMS,receive,Etisalat,Etisalat,19/03/2014 17:49,1,SPAM, Dear Customer you recharged 1000.00 naira and you have been rewarded with 1000.00 naira for national calls For recharging this week,you,,,,
SMS,receive,Etisalat,Etisalat,16/03/2014 23:27,1,SPAM,.kindly text 'Plan' to 303 for information on additional bundle or call 700 for more information.,,,,,
SMS,receive,Etisalat,Etisalat,16/03/2014 23:27,1,SPAM,You have used up your Monthly Internet Plan.Browsing now costs 5k per kb.Auto renewal applies at validity.Text help to 229 for more info,,,,,
SMS,receive,Etisalat,Etisalat,15/03/2014 22:59,1,SPAM,Dear subscriber,your remaining data balance is 50 MB.To buy additional plan,text HELP to 229 for info.Thank you!.,,,
SMS,receive,Etisalat,Etisalat,12/03/2014 13:36,1,SPAM, for the discount.,,,,,
SMS,receive,Etisalat,Etisalat,12/03/2014 13:34,1,SPAM,Dear Subscriber,Congratulations!You can now call at HALF price to all networks in 9ja for the rest of today.Your spend today qualified you,,,,
SMS,receive,Etisalat,Etisalat,12/03/2014 12:05,1,SPAM,Dear Subscriber,You are almost there!Ur cumulative daily usage is N 12.00,Use additional N 13.00 to start calling at HALF price to all,,,
SMS,receive,Etisalat,Etisalat,12/03/2014 12:03,1,SPAM, networks in 9ja .,,,,,
SMS,receive,Etisalat,Etisalat,11/03/2014 20:27,1,SPAM,You have used up your Monthly Internet Plan.Browsing now costs 5k per kb.Auto renewal applies at validity.Text help to 229 for more info.,,,,,
SMS,receive,Etisalat,Etisalat,11/03/2014 14:34,1,SPAM, MB free data valid till 2014-03-18,Thank you.,,,,
SMS,receive,Etisalat,Etisalat,11/03/2014 14:33,1,SPAM, Dear Customer you recharged 100.00 naira and you have been rewarded with 50.00 naira for national calls For recharging this week,you have 5,,,,
SMS,receive,Etisalat,Etisalat,09/03/2014 09:47,1,SPAM,Dear Subscriber,You are almost there!Ur cumulative daily usage is N 11.60,Use additional N 13.40 to start calling at HALF price to all,,,
SMS,receive,Etisalat,Etisalat,09/03/2014 09:46,1,SPAM, networks in 9ja .,,,,,
SMS,receive,Etisalat,Etisalat,08/03/2014 17:01,1,SPAM, for the discount.,,,,,
SMS,receive,Etisalat,Etisalat,08/03/2014 15:39,1,SPAM,Dear Subscriber,You are almost there!Ur cumulative daily usage is N 20.80,Use additional N 4.20 to start calling at HALF price to all,,,
SMS,receive,Etisalat,Etisalat,08/03/2014 14:33,1,SPAM, recharging this week,you have 5 MB free data valid till 2014-03-15,Thank you.,,,
SMS,receive,Etisalat,Etisalat,08/03/2014 14:33,1,SPAM, Dear Customer you recharged 100.00 naira and you have been rewarded with 50.00 Naira for national calls.Thanks for using Etisalat.For,,,,,
SMS,receive,Etisalat,Etisalat,02/03/2014 20:11,1,SPAM,Dear Customer,you have  2 free SMS to etisalat numbers. 10 free MMS to all etisalat lines.,,,,
SMS,receive,Etisalat,Etisalat,28/02/2014 18:33,1,SPAM,kindly text 'Plan' to 303 for information on additional bundle or call 700 for more information.,,,,,
SMS,receive,Etisalat,Etisalat,28/02/2014 18:32,1,SPAM,Dear Customer,your remaining Easynet Fixed plan is 10 MB.Please,buy additional data to continue enjoying the service or send help to 229. .,,,
SMS,receive,Etisalat,Etisalat,28/02/2014 14:03,1,SPAM,Dear customer, your request was not successful due to insufficient balance. Please, recharge and try again,,,
SMS,receive,Etisalat,Etisalat,28/02/2014 13:39,1,SPAM,Your request is successful. You are on 500MB data plan. Dial *229*1# @ N100 and enjoy extra data between 1AM to 5AM for 7days.,,,,,
SMS,receive,Etisalat,Etisalat,28/02/2014 13:38,1,SPAM,Dear Customer, you have successfully opted out of 500MB Data plan. Text help to 229 for more  purchase info,,,,
SMS,receive,Etisalat,Etisalat,28/02/2014 13:11,1,SPAM, data between 1AM &5AM for 7days.Text ON to 229 @N100.,,,,,
SMS,receive,Etisalat,Etisalat,28/02/2014 13:11,1,SPAM,Dear customer,you are on the Monthly data plan.Your balance as at 2014-02-28 13:7 is 15 MB valid till 2014-03-07.Text HELP to 229 for more,,,,
SMS,receive,Etisalat,Etisalat,28/02/2014 13:11,1,SPAM, information.Your main data balance as at 2014-02-28 13:7 is 650 MB valid till 2014-03-31.Dial *229*0#  to stop auto-renewal.Enjoy 100%extra,,,,,
SMS,receive,Etisalat,Etisalat,28/02/2014 13:10,1,SPAM,Dear Customer,you have  2 free SMS to etisalat numbers. 10 free MMS to all etisalat lines. 15.00 MB data.,,,,
SMS,receive,Etisalat,Etisalat,28/02/2014 13:09,1,SPAM, Dear Customer you recharged 1000.00 naira and you have been rewarded with 1000.00 Naira.Thanks for using Etisalat.,,,,,
SMS,receive,Etisalat,Etisalat,28/02/2014 13:09,1,SPAM,,you have 5 MB free data valid till 2014-03-07,you have 10 MB free data valid till 2014-03-07,Thank you.,,
SMS,receive,Etisalat,Etisalat,22/02/2014 17:16,1,SPAM, help to 229 for more info.,,,,,
SMS,receive,Etisalat,Etisalat,22/02/2014 17:14,1,SPAM, more info on available data plans.You have used up your internet Bundle,Browsing now costs 5k per kb.Auto renewal applies at validity.Text,,,,
SMS,receive,Etisalat,Etisalat,21/02/2014 13:35,1,SPAM,Your balance of Recharged Data Account is lower than 10 MB.,,,,,
SMS,receive,Etisalat,Etisalat,20/02/2014 15:07,1,SPAM,Your balance of Recharged Data Account is lower than 50 MB.,,,,,
SMS,receive,Etisalat,Etisalat,18/02/2014 21:48,1,SPAM,Your balance of Recharged Data Account is lower than 100 MB.,,,,,
SMS,receive,Etisalat,Etisalat,08/02/2014 23:09,1,SPAM,kindly text 'Plan' to 303 for information on additional bundle or call 700 for more information.,,,,,
SMS,receive,Etisalat,Etisalat,23/01/2014 11:27,1,SPAM,You have used up your Monthly Internet Plan.Browsing now costs 5k per kb.Auto renewal applies at validity.Text help to 229 for more info,,,,,
SMS,receive,Etisalat,Etisalat,22/01/2014 17:13,1,SPAM,Dear subscriber,your remaining data balance is 10 MB.To buy additional plan,text HELP to 229 for info.Thank you!.,,,
SMS,receive,Etisalat,Etisalat,21/01/2014 15:20,1,SPAM,Dear subscriber,your remaining data balance is 50 MB.To buy additional plan,text HELP to 229 for info.Thank you!.,,,
SMS,receive,Etisalat,Etisalat,09/01/2014 22:24,1,SPAM,kindly text 'Plan' to 303 for information on additional bundle or call 700 for more information.,,,,,
SMS,receive,Etisalat,Etisalat,09/01/2014 21:05,1,SPAM,Dear Customer,you have  2 free SMS to etisalat numbers. 10 free MMS to all etisalat lines. 12.89 MB data. 60 seconds free airtime.,,,,
SMS,receive,Etisalat,Etisalat,09/01/2014 18:34,1,SPAM,Your request is successful. You are on 500MB data plan. Dial *229*1# @ N100 and enjoy extra data between 1AM to 5AM for 7days.,,,,,
SMS,receive,Etisalat,Etisalat,09/01/2014 17:19,1,SPAM,Dear customer, your request was not successful due to insufficient balance. Please, recharge and try again,,,
SMS,receive,Etisalat,Etisalat,09/01/2014 17:05,1,SPAM,Dear Customer, you have successfully opted out of 500MB Data plan. Text help to 229 for more  purchase info,,,,
SMS,receive,Etisalat,Etisalat,09/01/2014 15:31,1,SPAM,Dear Customer,you have  2 free SMS to etisalat numbers. 10 free MMS to all etisalat lines. 15.00 MB data. 60 seconds free airtime.,,,,
SMS,receive,Etisalat,Etisalat,09/01/2014 15:30,1,SPAM,,you have 5 MB free data valid till 2014-01-16,you have 10 MB free data valid till 2014-01-16,Thank you.,,
SMS,receive,Etisalat,Etisalat,09/01/2014 15:30,1,SPAM, Dear Customer you recharged 2000.00 naira and you have been rewarded with 2000.00 Naira.Thanks for using Etisalat.For recharging this week,,,,,
SMS,receive,Etisalat,Etisalat,08/01/2014 14:26,1,SPAM,You have used up your Monthly Internet Plan.Browsing now costs 5k per kb.Auto renewal applies at validity.Text help to 229 for more info.,,,,,
SMS,receive,Etisalat,Etisalat,08/01/2014 05:39,1,SPAM,Dear subscriber,your remaining data balance is 10 MB.To buy additional plan,text HELP to 229 for info.Thank you!.,,,
SMS,receive,Etisalat,Etisalat,06/01/2014 08:27,1,SPAM,Dear subscriber,your remaining data balance is 50 MB.To buy additional plan,text HELP to 229 for info.Thank you!.,,,
SMS,receive,Etisalat,Etisalat,05/01/2014 15:11,1,SPAM,Dear subscriber,your remaining data balance is 100 MB.To buy additional plan,text HELP to 229 for info.Thank you!.,,,
SMS,receive,Etisalat,Etisalat,05/01/2014 15:01,1,SPAM,Dear subscriber,your remaining data balance is 100 MB.To buy additional plan,text HELP to 229 for info.Thank you!.,,,
SMS,receive,Etisalat,Etisalat,03/01/2014 10:22,1,SPAM,Congratulations!You can now call at HALF price to all networks in 9ja for the rest of today.Your spend today qualified you for the discount.,,,,,
SMS,receive,Etisalat,Etisalat,03/01/2014 10:21,1,SPAM,You are almost there!Ur cumulative daily usage is N 16.40,Use additional N 8.60 to start calling at HALF price to all networks in 9ja ,,,,
SMS,receive,35777,35777,04/08/2014 18:52,42,SPAM,If your number ends in 8,you are chosen to participate in 'Nigeria Mega Jackpot'.N110,000 will be given in total TODAY!Send WIN to 35777 now.N100/SMS,,,
SMS,receive,35777,35777,27/07/2014 11:02,42,SPAM,Does your number end in 8?TODAY 28/07you're chosen to participate for the 'Nigeria Centenary 100 Million Naira Mega Jackpot'!Send WIN to 35777!N100/SMS,,,,,
SMS,receive,35777,35777,21/07/2014 09:53,42,SPAM,Does your number end in 8?TODAY 22/07you're chosen to participate for the 'Nigeria Centenary 100 Million Naira Mega Jackpot'!Send WIN to 35777!N100/SMS,,,,,
SMS,receive,35777,35777,15/07/2014 11:50,42,SPAM,Become Nigeria's next multi-millionaire! N100M cash, cars & other prizes could be yours in the Centenary Lottery! Text CWC to 35777 on ur Airtel line! N100/SMS,,,,
SMS,receive,32223,32223,02/08/2014 18:45,52,SPAM,If your number ends in 1,you are chosen to participate in 'Nigeria Mega Jackpot'.N110,000 will be given in total TODAY!Send WIN to 35777 now.N100/SMS,,,
SMS,receive,etisalat,etisalat,02/08/2014 10:07,2,SPAM, networks in 9ja .,,,,,
SMS,receive,etisalat,etisalat,01/08/2014 07:57,2,SPAM, Dear Customer you recharged 200.00 naira and you have been rewarded with 200.00 naira for national calls.,,,,,
SMS,receive,etisalat,etisalat,31/07/2014 13:27,2,SPAM, for the discount.,,,,,
SMS,receive,etisalat,etisalat,30/07/2014 08:13,2,SPAM, for the discount.,,,,,
SMS,receive,etisalat,etisalat,30/07/2014 07:08,2,SPAM, for the discount.,,,,,
SMS,receive,etisalat,etisalat,28/07/2014 09:38,2,SPAM,Dear Customer,your 15 MB data balance will expire on 2014-08-01.Please make use of it before the expiry date.,,,,
SMS,receive,etisalat,etisalat,28/07/2014 07:43,2,SPAM, for the discount.,,,,,
SMS,receive,etisalat,etisalat,26/07/2014 16:16,2,SPAM, Dear Customer you recharged 100.00 naira and you have been rewarded with 50.00 naira for national calls.,,,,,
SMS,receive,etisalat,etisalat,26/07/2014 15:50,2,SPAM,Dear Subscriber,Congratulations!You can now call at HALF price to all networks in 9ja for the rest of today.Your spend today qualified you,,,,
SMS,receive,etisalat,etisalat,25/07/2014 20:30,2,SPAM, Dear Customer you recharged 100.00 naira and you have been rewarded with 50.00 naira for national calls.,,,,,
SMS,receive,etisalat,etisalat,16/07/2014 09:10,2,SPAM,Dear Customer,your 15 MB data balance will expire on 2014-07-18.Please make use of it before the expiry date.,,,,
SMS,receive,etisalat,etisalat,15/07/2014 21:09,2,SPAM,Dear Subscriber,Congratulations!You can now call at HALF price to all networks in 9ja for the rest of today.Your spend today qualified you,,,,
SMS,receive,etisalat,etisalat,06/07/2014 22:11,2,SPAM,Free Calls Today! Get 100% Bonus on Your Recharges of N200 & Above to Call All Networks & 50% bonus On Recharges Below N200.Valid/7days,,,,,
SMS,receive,etisalat,etisalat,30/06/2014 04:23,2,SPAM,Free Calls Today! Get 100% Bonus on Your Recharges of N200 & Above to Call All Networks & 50% bonus On Recharges Below N200.Valid/7days,,,,,
SMS,receive,etisalat,etisalat,27/06/2014 12:29,2,SPAM, for the discount.,,,,,
SMS,receive,etisalat,etisalat,25/06/2014 16:29,2,SPAM, 5 MB free data valid till 2014-07-03,you have 10 MB free data valid till 2014-07-03,Thank you. ,,,
SMS,receive,etisalat,etisalat,25/06/2014 16:15,2,SPAM,You GET INSTANT Double on ALL YOUR Recharges of N200 and Above to call all networks in 9ja. Bonus Valid for 7 days,,,,,
SMS,receive,etisalat,etisalat,11/06/2014 10:51,2,SPAM,If you have a fever, it maybe malaria. Visit your local health centre to get tested. Play your Part for a Malaria Free Nigeria! Supported by FMoH/Total.,,,,
SMS,receive,etisalat,etisalat,06/06/2014 00:56,2,SPAM,Enjoy 1 month Free Life & Accident insurance cover worth N100,000! Just dial *48433# to register or Send HELP to 48433 for more info. Powered by Etisalat and FB,,,,
SMS,receive,etisalat,etisalat,02/06/2014 13:47,2,SPAM,Fantastic roaming offer in Brazil on etisalat. Roam on vivo, Call 9ja &make local calls @N200/min, browse @ N1 /10KB & SMS@N60. Valid till July 31st 2014.,,,
SMS,receive,etisalat,etisalat,24/05/2014 13:08,2,SPAM,Dear Subscriber,You are almost there!Ur cumulative daily usage is N 11.20,Use additional N 13.80 to start calling at HALF price to all,,,
SMS,receive,etisalat,etisalat,21/05/2014 10:03,2,SPAM,Dear Subscriber,You are almost there!Ur cumulative daily usage is N 10.40,Use additional N 14.60 to start calling at HALF price to all,,,
SMS,receive,etisalat,etisalat,29/04/2014 16:46,2,SPAM,E,,,,,
SMS,receive,etisalat,etisalat,29/04/2014 16:46,2,SPAM,Free Browsing on Easy Cliq! Recharge N100 Now and Get 5MB FREE to Browse Your Favorite Sites From Your etisalat Line. Recharge Another N100 and Get 10MB MOR,,,,,
SMS,receive,etisalat,etisalat,28/04/2014 06:26,2,SPAM,April 25th is World Malaria Day. Use a treated mosquito net and create a Malaria-Free Nigeria. Play Your Part! Proudly supported by Etisalat.,,,,,
SMS,receive,etisalat,etisalat,25/04/2014 22:26,2,SPAM,Dear subscriber,your remaining data balance is 10 MB.To buy additional plan,text HELP to 229 for info.Thank you!.,,,
SMS,receive,etisalat,etisalat,16/04/2014 20:13,2,SPAM,Dear Customer,you have  8 free SMS to etisalat numbers. 10 free MMS to all etisalat lines.,,,,
SMS,receive,etisalat,etisalat,12/04/2014 22:12,2,SPAM,.kindly text 'Plan' to 303 for information on additional bundle or call 700 for more information.,,,,,
SMS,receive,etisalat,etisalat,05/04/2014 23:30,2,SPAM,Dear subscriber,your remaining data balance is 100 MB.To buy additional plan,text HELP to 229 for info.Thank you!.,,,
SMS,receive,etisalat,etisalat,27/03/2014 21:10,2,SPAM, Dear Customer you recharged 1000.00 naira and you have been rewarded with 1000.00 naira for national calls ,,,,,
SMS,receive,etisalat,etisalat,24/03/2014 11:07,2,SPAM,Dear subscriber,your remaining data balance is 50 MB.To buy additional plan,text HELP to 229 for info.Thank you!.,,,
SMS,receive,etisalat,etisalat,24/03/2014 10:02,2,SPAM,Dear subscriber,your remaining data balance is 50 MB.To buy additional plan,text HELP to 229 for info.Thank you!.,,,
SMS,receive,etisalat,etisalat,20/03/2014 16:00,2,SPAM,Dear Customer,you have  2 free SMS to etisalat numbers. 10 free MMS to all etisalat lines.,,,,
SMS,receive,etisalat,etisalat,16/03/2014 23:25,2,SPAM,Dear subscriber,your remaining data balance is 10 MB.To buy additional plan,text HELP to 229 for info.Thank you!.,,,
SMS,receive,etisalat,etisalat,15/03/2014 22:50,2,SPAM,Dear subscriber,your remaining data balance is 100 MB.To buy additional plan,text HELP to 229 for info.Thank you!.,,,
SMS,receive,etisalat,etisalat,08/03/2014 17:00,2,SPAM,Dear Subscriber,Congratulations!You can now call at HALF price to all networks in 9ja for the rest of today.Your spend today qualified you,,,,
SMS,receive,etisalat,etisalat,08/03/2014 15:48,2,SPAM,kindly text 'Plan' to 303 for information on additional bundle or call 700 for more information.,,,,,
SMS,receive,etisalat,etisalat,08/03/2014 15:37,2,SPAM, networks in 9ja .,,,,,
SMS,receive,etisalat,etisalat,01/03/2014 08:51,2,SPAM,Recharge N4,0, Dial *344*4000# & Get N12,500 to call ALL Networks,,
SMS,receive,etisalat,etisalat,28/02/2014 13:09,2,SPAM, Dear Customer you recharged 1000.00 naira and you have been rewarded with 1000.00 Naira.Thanks for using Etisalat.For recharging this week,,,,,
SMS,receive,etisalat,etisalat,25/02/2014 13:54,2,SPAM,Recharge N4,0, Dial *344*4000# & Get N12,500 to call ALL Networks,,
SMS,receive,etisalat,etisalat,22/02/2014 17:13,2,SPAM,Dear customer,you have used up your Recharged Data Account.Buy additional data to continue enjoying the service or Text HELP to 229 to get,,,,
SMS,receive,etisalat,etisalat,21/02/2014 09:12,2,SPAM,Free Browsing on Easy Cliq! Recharge N100 Now and Get 5MB FREE to Browse Your Favorite Sites From Your etisalat Line. Recharge Another N100 and Get 10MB MORE,,,,,
SMS,receive,etisalat,etisalat,11/02/2014 13:05,2,SPAM,Dear Customer,You are unable to renew your 500MB data plan.Recharge your account and text HELP to 229 for more information.,,,,
SMS,receive,etisalat,etisalat,10/02/2014 02:01,2,SPAM,Browse for FREE on Easy Cliq Get 15MB FREE this week only on easy cliq! Recharge N200 now and start browsing on all your favorite sites from your etisalat line,,,,,
SMS,receive,etisalat,etisalat,08/02/2014 09:53,2,SPAM,For recharging this week,you have 5 MB free data valid till 2014-02-15,you have 10 MB free data valid till 2014-02-15,Thank you.,,
SMS,receive,etisalat,etisalat,23/01/2014 11:27,2,SPAM,.kindly text 'Plan' to 303 for information on additional bundle or call 700 for more information.,,,,,
SMS,receive,etisalat,etisalat,22/01/2014 09:11,2,SPAM,Free Browsing on Easy Cliq! Recharge N100 Now and Get 5MB FREE to Browse Your Favorite Sites From Your etisalat Line. Recharge Another N100 and Get 10MB MORE,,,, Browse & SMS PLUS 100% Bonus Data when You buy 1.5GB Data Plan & Above.  Valid/30days,
SMS,receive,etisalat,etisalat,20/01/2014 12:41,2,SPAM,Free Browsing on Easy Cliq! Recharge N100 Now and Get 5MB FREE to Browse Your Favorite Sites From Your etisalat Line. Recharge Another N100 and Get 10MB MORE,,,,,
SMS,receive,etisalat,etisalat,20/01/2014 09:50,2,SPAM,Dear subscriber,your remaining data balance is 100 MB.To buy additional plan,text HELP to 229 for info.Thank you!.,, Browse & SMS PLUS 100% Bonus Data when You buy 1.5GB Data Plan & Above.  Valid/30days,
SMS,receive,etisalat,etisalat,09/01/2014 22:13,2,SPAM,Dear Customer,your remaining Easynet Fixed plan is 10 MB.Please,buy additional data to continue enjoying the service or send help to 229. .,,,
SMS,receive,etisalat,etisalat,09/01/2014 12:21,2,SPAM,Dear customer, your service settings will arrive soon. Kindly open the message and save. Get daily headlines from Guardian newspaper Text TGW to 655. N30/week,,,,
SMS,receive,etisalat,etisalat,09/01/2014 12:13,2,SPAM,Welcome to Etisalat! Register your SIM to enjoy the best value on calls, fast internet service and more. Dial 200 to activate your SIM ,,,,
SMS,receive,etisalat,etisalat,08/01/2014 14:24,2,SPAM,.,,,,,
SMS,receive,etisalat,etisalat,08/01/2014 05:21,2,SPAM,Dear Customer, please ignore any Call or SMS that implies you won an amount of money in a promo with a Tic No. These messages are fraudulent & not from Etisalat,,,,
SMS,receive,etisalat,etisalat,30/12/2013 17:05,2,SPAM,MB MORE,,,,,
SMS,receive,etisalat,etisalat,30/12/2013 17:05,2,SPAM,Free Browsing on Easy Cliq! Recharge N100 Now and Get 5MB FREE to Browse Your Favorite Sites From Your etisalat Line. Recharge Another N100 and Get 10,,,,,
SMS,receive,etisalat,etisalat,18/12/2013 20:39,2,SPAM,Fee Applies.,,,,,
SMS,receive,etisalat,etisalat,18/12/2013 20:39,2,SPAM,Dear Customer,you have  10 free MMS to all etisalat lines.,,,,
SMS,receive,etisalat,etisalat,18/12/2013 07:22,2,SPAM,Main bal: N 0.00; promo: N 100.00; Main5: N 1000.00;Excite Your Callers with Turn Up by Olamide. Text 50231 to 251@ N50/Tune. N50 Activation,,,,,
SMS,receive,etisalat,etisalat,18/12/2013 07:22,2,SPAM,Fee Applies.,,,,,
SMS,receive,etisalat,etisalat,01/01/2012 03:01,2,SPAM, Dear Customer you recharged 500.00 naira and you have been rewarded with 500.00 naira for national calls.For recharging this week,you have,,,,
SMS,receive,AirtelNG,AirtelNG,01/08/2014 14:19,40,SPAM,Get your Share of our Airtime. Dial 14120 to get yours Now.,,,,,
SMS,receive,AirtelNG,AirtelNG,29/07/2014 20:49,40,SPAM,GET yours NOW!!! Call 1413 for FREE to find out..,,,,,
SMS,receive,AirtelNG,AirtelNG,09/07/2014 12:08,40,SPAM,Call 14120 to get N500 AIRTIME today, It's FREE to Call,,,,
SMS,send,0816 848 0721,0816 848 0721,29/07/2014 07:12,24,HAM,Good morning sir. Hope you had a lovely night. Jst to notify you that the interview is by 8am. Thanks,,,,,
SMS,send,0816 848 0721,0816 848 0721,02/05/2014 20:30,24,HAM,dicolo1@yahoo.com,,,,,
SMS,send,7060408696,7060408696,28/07/2014 07:46,45,HAM,Call mi back if u have credit or send pls call mi if u dont,,,,,
SMS,send,7060408696,7060408696,20/07/2014 17:11,45,HAM,Pls send d guys number. Bt dat not d way am supposed to b treated.,,,,,
SMS,receive,CREDIT,CREDIT,27/07/2014 19:22,51,SPAM,Enjoy your share of N500 Airteime today. Call 14120 for FREE to get it Now,,,,,
SMS,send,8038537318,8038537318,27/07/2014 10:56,50,HAM,Happy Eld-el-fltr ma. Hope I got it this time. I had a fall on the stairs.  I wouldn't be able to make it down today. Will talk when we see. ,,,,,
SMS,receive,2.35E+12,2.35E+12,27/07/2014 08:52,49,HAM,(08XXXXXX00) (08XXXXXX07) His name... Kojusola Tunde ,,,,,
SMS,receive,38400,38400,25/07/2014 23:21,35,SPAM,FREE FOR 5 DAYS!Get breaking news,line-ups & goal alerts for Arsenal FC  direct to your phone all season. Text MU to 38400 service cost N50/5days.,,,,
SMS,receive,38400,38400,25/07/2014 22:05,35,SPAM,FREE FOR 5 DAYS!Get breaking news,line-ups & goal alerts for Manchester United  direct to your phone all season. Text MU to 38400 service cost N50/5days.,,,,
SMS,receive,38400,38400,25/07/2014 19:13,35,SPAM,FREE FOR 5 DAYS!Get breaking news,line-ups & goal alerts for Chelsea FC  direct to your phone all season. Text MU to 38400 service cost N50/5days.,,,,
SMS,receive,38400,38400,24/07/2014 16:17,35,SPAM,Shakira becomes 1st person ever to reach 100million likes on Facebook.For more news Text ENT to 38547 & get News 7Days free.Service will auto-renew  N50/7days,,,,,
SMS,receive,38400,38400,24/07/2014 16:16,35,SPAM,Improve your productivity by understanding how to manage stress. Text SMT to 38400 to receive STRESS MANAGEMENT TIPS for the next 7 days. Text now! it is FREE,,,,,
SMS,receive,38400,38400,24/07/2014 15:45,35,SPAM,This is a special gift for u!Receive interesting facts that form a part of your everyday life.Send Ball to 38400 to subscribe to Amazing Facts.FREE for 7 days,,,,,
SMS,receive,38400,38400,24/07/2014 14:05,35,SPAM,P-Square to work with Jermaine Jackson on their 6th studio album.For more news Text NAIJA to 38547 & get NEWS 3Days free.Service will auto-renew  N50/7days.,,,,,
SMS,receive,38400,38400,23/07/2014 10:01,35,SPAM,FREE FOR 5 DAYS! Get all football club's transfer news alerts as it happens in your favourite club.Text TRA to 38400. Service will auto-renew   N50/5days.,,,,,
SMS,receive,38400,38400,06/07/2014 09:13,35,SPAM,France Vs Germany 5PM, Brazil Vs Colombia 9PM,Text WC to 38400 and get world cup fixtures 3 Days free.Service will auto-renew   N50/3days.,,,
SMS,receive,38400,38400,06/07/2014 08:57,35,SPAM,France Vs Germany 5PM, Brazil Vs Colombia 9PM,Text PIDGIN to 38400 & get world cup fixtures 3 Days free.Service go auto-renew   N50/3days.,,,
SMS,receive,38400,38400,28/06/2014 11:39,35,SPAM,Get World Cup alerts free for 3days & Predict the scores of 6 World Cup matches for FREE to win N1,0,000. Visit http://supa6.fcnaija.com or text wc to 38400,,,
SMS,receive,38400,38400,24/06/2014 15:10,35,SPAM,Bosnia V Iran 5PM, Nigeria V Arg 5PM,Ecuador V Fra 9PM,Hond V Switz 9PM,,
SMS,receive,8033704552,2.35E+12,25/07/2014 14:04,48,HAM,Thank you.,,,,,
SMS,send,8033704552,8033704552,25/07/2014 12:11,48,HAM,Am vry sorry dat this is coming rather late. I had thought that we will b able to meet 1 on 1. I am extremely shocked and sorry to hear dat my beloved uncle has passed on. Although no word can really help to ease the loss we experience.  But I know that Heaven is a place nearby, so no need saying goodbye to him, cos I knw we will meet to part no more. Tobi Adeneye,,,
SMS,receive,Etisalat  ,Etisalat  ,25/07/2014 12:19,34,SPAM,Free Calls Today! Get 100% Bonus on Your Recharges of N200 & Above to Call All Networks & 50% bonus On Recharges Below N200.Valid/7days  ,,,,,
SMS,receive,Etisalat  ,Etisalat  ,24/06/2014 17:17,34,SPAM,Get Free Advice On HIV & Related Health Issues, call 6222 now absolutely free! Powered By The Network That Cares, Etisalat                 ,,,
SMS,receive,Etisalat  ,Etisalat  ,19/06/2014 16:51,34,SPAM,Up Super Eagles! Etisalat Easytunez Service is FREE for 30days! Text GOAL to 251 for Free Activation & Get a List of FREE Super Eagles Ring Back Tunes            ,,,,,
SMS,receive,38111,38111,25/07/2014 11:08,47,SPAM,Free gift! 09XXXXXXX21. Never lose yr important SMS again. Backup and restore them with SMSBackup at N100/m. Text SUB to 38111 at no cost for 7 day FREE trial.,,,,,
SMS,receive,LADY AIRTEL,LADY AIRTEL,24/07/2014 13:34,46,SPAM,Be the first to know the current trends on fashion, lifestyle, entertainment and much more. Simply dial *523#. Service cost N50 weekly,,,
SMS,receive,38777,38777,17/07/2014 11:00,44,SPAM,Good health is the best investment you can make. Get 5 health and fitness tips FREE then N50/5days. Text SUB to 38777 at no cost!,,,,,
SMS,receive,Etisalat ,Etisalat ,15/07/2014 19:35,43,SPAM,Make Calls for Free Today!  You Get 100% Bonus on Your Recharges of N200 & Above to Call All Networks & 50% bonus On Recharges Below N200.Valid/7days ,,,,Text WC to and get 3 Days free,
SMS,send,8086176499,8086176499,14/07/2014 11:34,41,HAM,The email address is dicolo1@yahoo.comMr Bola Adeneye,,,,,
SMS,receive,5820,5820,07/07/2014 11:33,39,SPAM,Congratulations! 08123984798 is one of the few lucky who can access our exclusive Famous Quotes service! To get started call *585*4*1# now! N20/day.,,,,,
SMS,send,0803 723 3685,0803 723 3685,06/07/2014 21:07,38,HAM,A pleasant evening sir, hope your day was splendid.  I want to appreciate you for the help you gave to us this morning. Thank you sir. God bless you. ,,,,
SMS,receive,8053060392,2.35E+12,06/07/2014 16:58,18,HAM,I THINK I HAVE IT ON MY PHONE, LET ME SEND THAT TO YOU. BUT CHANGE THE NAME,,,,
SMS,send,8053060392,8053060392,28/03/2014 22:31,18,HAM,8027250019,,,,,
SMS,send,8053060392,8053060392,28/03/2014 08:54,18,HAM,Acct name: ADENEYE OLUWATOBI A.acct no. : 20XXXXXX07Bank: FIRST BANK,,,,,
SMS,receive,38255,38255,06/07/2014 12:15,37,SPAM,Is 9091859321your number? If yes," send ""YES"" to 38255 to get expert Football match analysis from SUNDAY OLISEH", live from Brazil. Service is FREE for 2 days!,,,
SMS,receive,251,251,30/06/2014 12:53,3,SPAM,Etisalat Easytunez is FREE for 30days now! Text free to 251 for Free Activation & get a list of Free hot Tunes. Or text 2 to 251 for Aye by Davido for free ,,,,,
SMS,receive,251,251,25/06/2014 09:09,3,SPAM,Thrill your callers with 1 FREE tune for 30days. Text 3 to 251 for Limpopo by Kcee or text 8 to 251 for Oya Wait by Dbanj. Text MORE to 251 for a list of tunes,,,,,
SMS,receive,251,251,23/06/2014 13:02,3,SPAM,Easytunez is FREE for 30days! Text GOAL to 251 for Free Activation & get a list of FREE Super Eagles Tunes. Text 51 to 251 for Fly Like Eagles by Ice prince,,,,,
SMS,receive,251,251,20/06/2014 08:53,3,SPAM,Up Super Eagles! Text 51 to 251 for Fly Like Eagles by Dammy Krane, Seyi Shay & Ice prince. This tune is FREE for 7days or text GOAL to 251 for more FREE tunes,,,,
SMS,receive,251,251,11/06/2014 11:09,3,SPAM,Go Super Eagles! To get your callers dancing to Fly like Eagles by Ice Prince FREE, text 51 to 251. 30 days FREE Subscription. Text GOAL to 251 for more tunes,,,,
SMS,receive,251,251,30/04/2014 09:46,3,SPAM,Get 1 FREE Ring Back Tune for 30days. Text 17 to 251 for Double Wahala by Oritse Femi or text FREE to 251 for a list of more free tunes. Valid till April 30th,,,,,
SMS,receive,251,251,28/04/2014 18:22,3,SPAM,Get 1 FREE Ring Back Tune for 30days. Text 2 to 251 for Bother You  by Dbanj or Text FREE to 251 for a list of more free tunes. Valid till April 30th,,,,,
SMS,receive,251,251,27/04/2014 09:47,3,SPAM,Get 1 FREE Ring Back Tune for 30days. Text 10 to 251 for  Ghen Ghen Love by Yemi Alade or Text MORE to 251 for a list of more free tunes. Valid till April 30th,,,,,
SMS,receive,251,251,24/04/2014 18:52,3,SPAM,Get 1 FREE Ring Back Tune for 30days. Text 14 to 251 for Daddy Mi by Reminise Ft Davido or text MORE to 251 for a List of more free tunes. Valid till April 30th,,,,,
SMS,receive,251,251,22/04/2014 10:58,3,SPAM,Get 1 FREE Ring Back Tune for 30days. Text 13 to 251 for Rich & Famous by Praiz or Text FREE to 251 for a list of more free tunes. Valid till April 30th,,,,,
SMS,receive,251,251,20/04/2014 08:11,3,SPAM,Get 1 FREE Ring Back Tune for 30days. Text 15 to 251 for Psalm 23 by Korede or txt FREE to 251 for a list of free tunes. Valid till April 30th,,,,,
SMS,receive,251,251,18/04/2014 08:08,3,SPAM,Get 1 FREE Ring Back Tune for 30days. Text 16 to 251 for  Allahu Allah by Sami Yusuf or text MORE to 251 for a list of more free tunes. Valid till April 30th,,,,,
SMS,receive,251,251,16/04/2014 12:08,3,SPAM,Get 1 FREE Ring Back Tune for 30days. Text 4 to 251 for Ukwu by Timaya or Text FREE to 251 for a list of more free tunes. Valid till April 30th,,,,,
SMS,receive,251,251,14/04/2014 14:51,3,SPAM,Get 1 FREE Ring Back Tune for 30days. Text 7 to 251 for Chante Alleluyah  by Ajuju or Text FREE to 251 for a list of more free tunes. Valid till April 30th,,,,,
SMS,receive,251,251,08/04/2014 18:53,3,SPAM,Get 1 FREE Ring Back Tune for 30days. Text 5 to 251 for Eminado by Tiwa Savage or Text FREE to 251 for a list of more free tunes. Valid till April 30th,,,,,
SMS,receive,251,251,22/03/2014 15:02,3,SPAM,Dear Customer, you have successfully been unsubscribed from EasyTunez. You can subscribe again by sending RBTON to 251.,,,,txt STOP to Opt-Out.Service will auto-renew   N50/3days.
SMS,receive,251,251,01/02/2014 18:54,3,SPAM,It's a Season of Love! Get 1 FREE tune for 30 days. Text 1 to 251 for Love You by Maleek Berry ft Wizkid or text LOVE to 251 for more free tunes. Valid till Feb 28,,,,,
SMS,receive,251,251,14/01/2014 10:21,3,SPAM,Dear customer, your account will be charged for the RBT monthly fee on 17/01/2014,,,,
SMS,receive,251,251,18/12/2013 10:25,3,SPAM,Dear Customer, you have been granted 1 month FREE EasyTunez service. Dial 251 to download hot tunes from top artists.,,,,
SMS,receive,38547,38547,29/06/2014 09:46,36,SPAM,Support 9ija at the WorldCup,get your Callers listening to We Are Nigerians by Paul Play. Txt 6111 to 251 now at N50/Mnt.,,,,
SMS,receive,38296,38296,15/06/2014 16:31,29,SPAM,Your FREE trial of GENERALNEWS ends today.To continue enjoying the service,send GENERALNEWS to 38296,N5/day.To stop receiving free offers,send STOP FREE to 3000,,
SMS,receive,38296,38296,14/06/2014 10:40,29,SPAM,1.Thailand's junta lifts curfew after last month's coup 2.US moves aircraft carrier to the gulf, closer to Iraq 3.Russia and Ukraine to hold new gas talks today,,,,
SMS,receive,38296,38296,13/06/2014 19:37,29,SPAM,1.Thailand military junta to set-up interim govt by September 2.Afghanistan 2nd round presidential vote due to be held today 3.Russia has sent tanks into Ukraine-US,,,,,
SMS,receive,38296,38296,12/06/2014 10:56,29,SPAM,1.Ivory Coast's Gbagbo to be tried at Hague for election violence 2.Iran deploys forces to fight insurgents in Iraq as U.S rule out putting troops back on the ground,,,,,
SMS,receive,38296,38296,11/06/2014 16:25,29,SPAM,Rwanda,DRC exchange fire on border 2Iraq request for US air strike as terrorist advance toward Baghdad 3Ugandas FM SamKutesa elected to head UN General Assembly,,,,
SMS,receive,38296,38296,10/06/2014 11:36,29,SPAM,1.South Sudan leaders agree to form new govt 2.Iraq loses 2nd-largest city to terrorist;Hundred thousands flee Mosul 3.Reuven Rivlin elected president of Israel,,,,,
SMS,receive,38296,38296,09/06/2014 15:24,29,SPAM,1.South African President discharged from hospital 2.Terrorist attack Pakistan's largest airport,23 dead 3.Kosovo's Prime Minister Hashim Thaci wins 3rd term,,,,
SMS,receive,38296,38296,08/06/2014 15:19,29,SPAM,1.South African President discharged from hospital 2.Terrorist attack Pakistan's largest airport,23 dead 3.Kosovo's Prime Minister Hashim Thaci wins 3rd term,,,,
SMS,receive,38296,38296,08/06/2014 14:54,29,SPAM,Dear Customer, you will receive 7 days FREE trial of General News. To stop the service, send STOP RHNEWS to 38296 . To stop FREE offers, send STOP FREE to 3000,,
SMS,receive,38296,38296,05/06/2014 15:58,29,SPAM,Your FREE trial of INSPIRATIONAL TIPS ends today.To continue enjoying the service,send INSP to 38296,N5/day.To stop receiving free offers,send STOP FREE to 3000,,
SMS,receive,38296,38296,05/06/2014 13:02,29,SPAM,Joy weathers any storm: Happiness rides the waves - Todd Stocker,,,,,
SMS,receive,38296,38296,04/06/2014 11:38,29,SPAM,Joy is a marvellous increasing of what exists, a pure addition out of nothingness - Rainer Maria Rilke,,,,
SMS,receive,38296,38296,03/06/2014 14:21,29,SPAM,You can't give somebody faith. They either got it or they don't - Karen Marie Moning,,,,,
SMS,receive,38296,38296,02/06/2014 11:35,29,SPAM,Sorrow looks back, Worry looks around, Faith looks up - Ralph Waldo Emerson,,,
SMS,receive,38296,38296,01/06/2014 14:22,29,SPAM,It is not the number of prayers that will give you happiness, but the number you answer for another person - Shannon L. Alder,,,,
SMS,receive,38296,38296,31/05/2014 10:06,29,SPAM,Life has a way of shining on people who stand in the sunshine of kind actions. - Bryant McGill,,,,,
SMS,receive,38296,38296,30/05/2014 10:05,29,SPAM,Wisdom is knowing I am nothing, love is knowing I am everything, and between the two my life moves - Sri Nisargadatta Maharaj,,,
SMS,receive,38296,38296,29/05/2014 15:34,29,SPAM,The path to success is to take massive, determined action - Anthony Robbins,,,,
SMS,receive,38296,38296,29/05/2014 15:17,29,SPAM,Dear Customer, you will receive 7 days FREE trial of INSPIRATIONAL. To stop the service, send STOP RHINSP to 38296 . To stop FREE offers, send STOP FREE to 3000,,
SMS,receive,BRAZIL,BRAZIL,13/06/2014 14:53,33,SPAM,Get Live action and match updates from Brasil on Airtel Football service. Dial *244*8# to get started. Service cost N10 daily,,,,,
SMS,send,0803 207 1981,0803 207 1981,10/06/2014 19:46,32,HAM,Pls am still waiting for ur email address,,,,,
SMS,send,8093717384,8093717384,05/06/2014 08:57,31,HAM,Its tobi ,,,,,
SMS,send,8093717384,8093717384,05/06/2014 08:57,31,HAM,Hello uncle mi, bin tryn to reach u bt wsnt goin tru. Jst tryn 2 remind u abt d moni sir.,,,,
SMS,send,8039788302,8039788302,05/06/2014 07:47,30,HAM,Name: ADENEYE Oluwatobi AdewaleBiodata: Nationality- nigerian;  State of origin- Ogun state;  Age: 26 yearsDegrees: B.sc computer science,  M.sc computer science. D full details is on my cv sent to ur mail.,,,,
SMS,receive,7804,7804,03/06/2014 11:06,15,SPAM,Congrats! All numbers ending in **321 have been personally granted 7 FREE days of Wellness SMS & Fitness SMS & then N200/week membership. Text 1 to 7804!,,,,,
SMS,receive,7804,7804,09/04/2014 10:25,15,SPAM,Send YES to 7804! Bonus service available for 09XXXXXXX21: you can get 7 FREE days of Wellness SMS & then N100/week. Text YES to 7804 at no cost!,,,,,
SMS,receive,7804,7804,12/03/2014 09:29,15,SPAM,"**Celebrate! ** 090XXXXXX21 answer this & get 7 FREE days of ""Wellness"" SMS & then N100/week. ""Can you make garri with cassava? "" Text YES to 7804 at no cost!",,,,,
SMS,receive,7804,7804,16/02/2014 12:37,15,SPAM,"You've won 7 FREE days of ""Wellness"" SMS & then N100/week! Lucky ones only: 09091859321 is the winner! To receive it", text YES to 7804 now at no cost!,,,,
SMS,receive,38888,38888,02/06/2014 12:19,22,SPAM,America - land of opportunity. Learn about America - how to visit, school, work or relocate. Get 5 days FREE and then N50/5 day. Text AME to 38888.,,,
SMS,receive,38888,38888,14/05/2014 20:09,22,SPAM,America - land of opportunity. Learn about America - how to visit, school, work or relocate. Get 5 days FREE and then N50/5 day. Text AME to 38888.,,,
SMS,receive,38888,38888,24/04/2014 10:08,22,SPAM,Are you pregnant or do you have a new infant or have family that has? Get 5 FREE days of baby and pregnancy tips then N50/5 days. Text BABY to 38888.,,,,,
SMS,receive,AutoCredit,AutoCredit,29/05/2014 18:25,28,SPAM,Never run out of airtime! Dial *500# to subscribe for automatic credit.,,,,,
SMS,receive,AutoCredit,AutoCredit,28/05/2014 13:08,28,SPAM,Never run out of Airtime. Dial *500# to subscribe for automatic credit.,,,,,
SMS,receive,AutoCredit,AutoCredit,27/05/2014 12:45,28,SPAM,Never run out of airtime! Dial *500# to subscribe for automatic credit.,,,,,
SMS,receive,251,251,24/05/2014 17:01,27,SPAM,Get 1 FREE Ring Back Tune for 30days. Text 2 to 251 for Aye by Davido or text MORE to 251 for a list of more free tunes. N50 activation fee appli<<Content not supported>>,,,,,
SMS,receive,Mhealth,Mhealth,19/05/2014 14:55,14,SPAM,Finally, health tips at your finger tips. For your daily guide to healthier living,SMS FREE to 4949.3 FREE days included. Service costs N10,,,
SMS,receive,Mhealth,Mhealth,05/02/2014 19:41,14,SPAM,Take care of your body. It's the only place you have to live! Get daily health tips from Etisalat. To ENJOY 3 days FREE, SMS FREE to 4949. Service costs N10,,,,
SMS,receive,38321,38321,14/05/2014 13:36,17,SPAM,Get the latest sports news daily ranging from football, athletics, boxing to tennis FREE for 2wks, then N20 for 2days after; to subscribe,,
SMS,receive,38321,38321,24/04/2014 09:50,17,SPAM,Start everyday with God words; 4 Bible Promises, text PROMISE to 30327; for Open Doors Devotional, text OPEN to 30327. Free for 2wks, then N20 every 3days after,,
SMS,receive,38321,38321,20/03/2014 11:24,17,SPAM,Start ur day with Gods words; for Bible Promise, text PROMISE to 30327; for Open Doors Daily Devotional, text OPEN to 30327. N20/3days. To stop,text NO to 38321,,
SMS,receive,2.35E+12,2.35E+12,02/05/2014 11:29,23,HAM,8163422755,,,,,
SMS,send,0813 308 5724,0813 308 5724,02/05/2014 06:50,9,HAM,Believe In Yourself,Your Hard Work And The Efforts You HavePut-In.Success Will Be Yours In The End.You Will Pass Flying Colors. Amen ,,,,
SMS,send,0813 308 5724,0813 308 5724,02/01/2014 17:10,9,HAM,1.24E+14,,,,,
SMS,receive,232,232,14/04/2014 18:50,21,SPAM,Congratulations, your handset has been configured! To enjoy internet browsing with 10MB data bundle plan for N100 only, dial 14154,,,
SMS,receive,232,232,01/01/2012 01:01,21,SPAM,Welcome to our network, you will receive service configuration messages soon. Please save each that you receive so that you can browse Internet, send multimedia messages, etc. Use 0000 as PIN code if requested. Should you need to configure your handset later on,,
SMS,send,8026960042,8026960042,01/04/2014 10:20,20,HAM,From tobi blessing's frd,,,,,
SMS,send,8026960042,8026960042,01/04/2014 10:19,20,HAM,Always look forward towards your future. Fill your eyes andheart with motivation, Push yourself and boosts your capabilities to achieve what youwant, May you will gain confidence and believe in what you do, Wish you a happy Month., text SPORTS to 30327.,
SMS,send,+44 7774 448478,+44 7774 448478,30/03/2014 19:41,19,HAM,My bbm pin : 7424A0A2,,,,,
SMS,receive,38567,38567,22/03/2014 15:29,13,SPAM,Enjoy 7 day FREE trial to spread the good laugh & smile around with some rib-tickling jokes!! SMS JOKES to 38567. HURRY !! Limited period offer!!,,,,,
SMS,receive,38567,38567,06/03/2014 10:33,13,SPAM,Free Free!! Spread the good laugh & smile around with some rib-tickling jokes!! For 7 days free trial SMS JOKES to 38567.Limited period offer!!,,,,,
SMS,receive,38567,38567,04/02/2014 16:02,13,SPAM,Free Free!!! Get the latest gossips & hot news in the world of Hollywood stars on your mobile!! SMS HNP to 38567 for 7 days FREE trial!!Hurry limited offer!!,,,,,
SMS,receive,2.35E+12,2.35E+12,11/03/2014 17:47,16,HAM,michisonline@gmail.com; madedara@skyebankng.com,,,,,
SMS,send,8097916706,8097916706,16/01/2014 08:00,12,HAM,708XXXXXX33,,,,,
SMS,send,8064214695,8064214695,14/01/2014 14:59,11,HAM,80XXXXXX96,,,, please send internet,
SMS,receive,229,229,08/01/2014 11:10,10,SPAM,Text to 229: 'SMART' for smartphone plans; 'MONTHLY'  for monthly plans; 'MOBILE' for daily & weekly plans;  'fb' for facebook plans; 'OM' for Opera Mini plans,,,,,
SMS,send,229,229,08/01/2014 11:10,10,SPAM,HELP,,,,,
SMS,send,229,229,06/01/2014 06:29,10,SPAM,HELP,,,,,
SMS,send,8033444697,8033444697,01/01/2014 00:04,8,HAM,Happy new year daddy. U will live to see more years in good health and prosperity. U will reap fruits of ur labour,,,,,
SMS,send,20353,20353,19/12/2013 15:09,7,SPAM,Reg*357786055638095#,,,,,
SMS,send,20353,20353,18/12/2013 11:17,7,SPAM,Reg*357786055638095*,,,,,
